{"resources":["game-sounds.mp3"],"spritemap":{"bounce-walls-2":{"start":0,"end":1.1755102040816328,"loop":false},"bounce-walls-3":{"start":3,"end":4.123265306122449,"loop":false},"bounce-walls":{"start":6,"end":6.888163265306122,"loop":false},"drop-lots-snoods":{"start":8,"end":10.716734693877552,"loop":false},"drop-snoods":{"start":12,"end":15.108571428571429,"loop":false},"fire":{"start":17,"end":17.626938775510204,"loop":false},"lock-in-place":{"start":19,"end":19.235102040816326,"loop":false},"menu-button-click":{"start":21,"end":21.28734693877551,"loop":false},"menu-buttons-pass-over":{"start":23,"end":23.99265306122449,"loop":false},"pop-1":{"start":25,"end":26.044897959183672,"loop":false},"pop-2":{"start":28,"end":29.044897959183672,"loop":false},"pop-3":{"start":31,"end":32.04489795918367,"loop":false},"pop-4":{"start":34,"end":35.071020408163264,"loop":false},"pop-5":{"start":37,"end":38.04489795918367,"loop":false},"pop-6":{"start":40,"end":41.04489795918367,"loop":false},"pop-7":{"start":43,"end":44.04489795918367,"loop":false},"pop-8":{"start":46,"end":47.04489795918367,"loop":false}}}